{
  "metadata": {
    "experiment": "bw_estimation_validation",
    "timestamp": "2026-02-27T03:53:54.204904",
    "num_steps": 5000,
    "operating_modes": [
      "Full BF16",
      "INT8",
      "Mixed-INT4",
      "INT4",
      "Scout"
    ],
    "model": "Qwen-7B (primary)"
  },
  "estimation_error": {
    "urban_mmwave": {
      "trace_stats": {
        "mean": 171.97360506453992,
        "std": 136.05412899992047,
        "median": 155.46564406098219,
        "p5": 2.0,
        "p95": 426.3550949676521
      },
      "absolute_error": {
        "mean": -34.44072452783424,
        "std": 77.16579935223261,
        "median": -31.129543602118893,
        "p5": -164.73549228614934,
        "p95": 82.8868303916191,
        "mae": 66.43045068777752
      },
      "relative_error": {
        "mean": 3.6804523070086623,
        "std": 10.975289311301353,
        "median": -0.19260210916241316,
        "p5": -0.55215603080696,
        "p95": 28.472193181597905,
        "mape": 4.099990138298683
      },
      "underestimate_rate": 0.653
    },
    "urban_sub6": {
      "trace_stats": {
        "mean": 52.40123358193955,
        "std": 30.101740740706084,
        "median": 50.9138162358376,
        "p5": 5.0,
        "p95": 104.3658079592374
      },
      "absolute_error": {
        "mean": -10.489893604335801,
        "std": 14.51364776382706,
        "median": -10.654486764267547,
        "p5": -33.77693541717282,
        "p95": 12.936123466168116,
        "mae": 14.441441608473042
      },
      "relative_error": {
        "mean": 0.05861851423811147,
        "std": 1.029739191162267,
        "median": -0.20471325739230178,
        "p5": -0.45501804556542674,
        "p95": 1.5825869904634564,
        "mape": 0.45627580543633994
      },
      "underestimate_rate": 0.7768
    },
    "suburban_mixed": {
      "trace_stats": {
        "mean": 69.27243940753267,
        "std": 47.21410515502597,
        "median": 65.32719073739833,
        "p5": 3.0,
        "p95": 152.338088120751
      },
      "absolute_error": {
        "mean": -13.851454309004295,
        "std": 24.748737789732,
        "median": -13.587137757711774,
        "p5": -54.94681748294045,
        "p95": 25.38988100390397,
        "mae": 22.490615887329774
      },
      "relative_error": {
        "mean": 0.5668965300896499,
        "std": 2.499493218563729,
        "median": -0.2010850000650888,
        "p5": -0.507919317068198,
        "p95": 5.675775688089958,
        "mape": 0.975707404666562
      },
      "underestimate_rate": 0.7126
    },
    "vehicular": {
      "trace_stats": {
        "mean": 48.51501108291043,
        "std": 47.3781878632782,
        "median": 38.427786076932804,
        "p5": 1.0,
        "p95": 137.6231063102237
      },
      "absolute_error": {
        "mean": -9.719722216446877,
        "std": 32.3936296568956,
        "median": -4.2309058425144634,
        "p5": -67.70275681256852,
        "p95": 35.44018133544799,
        "mae": 26.199937073091757
      },
      "relative_error": {
        "mean": 4.502576052725362,
        "std": 9.278171492712112,
        "median": -0.1061743176310194,
        "p5": -0.6138557906614607,
        "p95": 24.254042054935795,
        "mape": 4.923918888285928
      },
      "underestimate_rate": 0.5418
    }
  },
  "mode_selection": {
    "urban_mmwave": {
      "d500ms": {
        "exact_match_rate": 0.4984,
        "quality_match_rate": 0.4984,
        "overconservative_rate": 0.3564,
        "underconservative_rate": 0.1452,
        "oracle_avg_quality": 95.86,
        "estimated_avg_quality": 94.91,
        "quality_gap": 0.96,
        "oracle_deadline_rate": 1.0,
        "estimated_deadline_rate": 0.8432
      },
      "d1000ms": {
        "exact_match_rate": 0.657,
        "quality_match_rate": 0.657,
        "overconservative_rate": 0.1342,
        "underconservative_rate": 0.2088,
        "oracle_avg_quality": 97.73,
        "estimated_avg_quality": 98.81,
        "quality_gap": -1.08,
        "oracle_deadline_rate": 1.0,
        "estimated_deadline_rate": 0.7868
      },
      "d2000ms": {
        "exact_match_rate": 0.7794,
        "quality_match_rate": 0.7794,
        "overconservative_rate": 0.0234,
        "underconservative_rate": 0.1972,
        "oracle_avg_quality": 98.3,
        "estimated_avg_quality": 99.77,
        "quality_gap": -1.47,
        "oracle_deadline_rate": 1.0,
        "estimated_deadline_rate": 0.8014
      },
      "d3000ms": {
        "exact_match_rate": 0.8102,
        "quality_match_rate": 0.8102,
        "overconservative_rate": 0.0082,
        "underconservative_rate": 0.1816,
        "oracle_avg_quality": 98.39,
        "estimated_avg_quality": 99.94,
        "quality_gap": -1.54,
        "oracle_deadline_rate": 1.0,
        "estimated_deadline_rate": 0.8184
      },
      "d5000ms": {
        "exact_match_rate": 0.837,
        "quality_match_rate": 0.837,
        "overconservative_rate": 0.001,
        "underconservative_rate": 0.162,
        "oracle_avg_quality": 98.5,
        "estimated_avg_quality": 99.99,
        "quality_gap": -1.49,
        "oracle_deadline_rate": 1.0,
        "estimated_deadline_rate": 0.838
      }
    },
    "urban_sub6": {
      "d500ms": {
        "exact_match_rate": 0.7104,
        "quality_match_rate": 0.7104,
        "overconservative_rate": 0.2104,
        "underconservative_rate": 0.0792,
        "oracle_avg_quality": 89.39,
        "estimated_avg_quality": 88.66,
        "quality_gap": 0.73,
        "oracle_deadline_rate": 1.0,
        "estimated_deadline_rate": 0.9932
      },
      "d1000ms": {
        "exact_match_rate": 0.586,
        "quality_match_rate": 0.586,
        "overconservative_rate": 0.3432,
        "underconservative_rate": 0.0708,
        "oracle_avg_quality": 95.48,
        "estimated_avg_quality": 93.94,
        "quality_gap": 1.54,
        "oracle_deadline_rate": 1.0,
        "estimated_deadline_rate": 0.9336
      },
      "d2000ms": {
        "exact_match_rate": 0.6632,
        "quality_match_rate": 0.6632,
        "overconservative_rate": 0.233,
        "underconservative_rate": 0.1038,
        "oracle_avg_quality": 98.31,
        "estimated_avg_quality": 98.24,
        "quality_gap": 0.07,
        "oracle_deadline_rate": 1.0,
        "estimated_deadline_rate": 0.8894
      },
      "d3000ms": {
        "exact_match_rate": 0.7732,
        "quality_match_rate": 0.7732,
        "overconservative_rate": 0.113,
        "underconservative_rate": 0.1138,
        "oracle_avg_quality": 98.87,
        "estimated_avg_quality": 99.42,
        "quality_gap": -0.54,
        "oracle_deadline_rate": 1.0,
        "estimated_deadline_rate": 0.8846
      },
      "d5000ms": {
        "exact_match_rate": 0.8694,
        "quality_match_rate": 0.8694,
        "overconservative_rate": 0.0312,
        "underconservative_rate": 0.0994,
        "oracle_avg_quality": 99.48,
        "estimated_avg_quality": 99.9,
        "quality_gap": -0.43,
        "oracle_deadline_rate": 1.0,
        "estimated_deadline_rate": 0.9006
      }
    },
    "suburban_mixed": {
      "d500ms": {
        "exact_match_rate": 0.634,
        "quality_match_rate": 0.634,
        "overconservative_rate": 0.3038,
        "underconservative_rate": 0.0622,
        "oracle_avg_quality": 91.35,
        "estimated_avg_quality": 89.48,
        "quality_gap": 1.88,
        "oracle_deadline_rate": 1.0,
        "estimated_deadline_rate": 0.9664
      },
      "d1000ms": {
        "exact_match_rate": 0.5174,
        "quality_match_rate": 0.5174,
        "overconservative_rate": 0.365,
        "underconservative_rate": 0.1176,
        "oracle_avg_quality": 96.4,
        "estimated_avg_quality": 95.49,
        "quality_gap": 0.91,
        "oracle_deadline_rate": 1.0,
        "estimated_deadline_rate": 0.8748
      },
      "d2000ms": {
        "exact_match_rate": 0.6806,
        "quality_match_rate": 0.6806,
        "overconservative_rate": 0.1564,