{
  "metadata": {
    "experiment": "perplexity_wikitext2",
    "description": "WikiText-2 perplexity with KV-cache quantization",
    "n_text_segments": 100,
    "timestamp": "20260210_130438",
    "elapsed_minutes": 1.1469368139902751
  },
  "results": {
    "Qwen-7B": {
      "model": "Qwen/Qwen2.5-7B",
      "model_key": "Qwen-7B",
      "sensitive_layers": [
        0,
        1,
        3,
        13,
        19,
        26,
        27
      ],
      "conditions": {
        "BF16": {
          "mean_ppl": 8.626138415458033,
          "std_ppl": 3.383060128925111,
          "n_segments": 100,
          "total_tokens": 25500
        },
        "INT8": {
          "mean_ppl": 8.852599808810275,
          "std_ppl": 3.5117153371680514,
          "n_segments": 100,
          "total_tokens": 25500
        },
        "INT4": {
          "mean_ppl": 80.26646211870887,
          "std_ppl": 140.14610789758802,
          "n_segments": 100,
          "total_tokens": 25500
        },
        "Mixed-INT4": {
          "mean_ppl": 8.97027516196985,
          "std_ppl": 3.561042346121374,
          "n_segments": 100,
          "total_tokens": 25500
        }
      }
    },
    "Qwen-14B": {
      "model": "Qwen/Qwen2.5-14B",
      "model_key": "Qwen-14B",
      "sensitive_layers": [
        0,
        9,
        10,
        11,
        13,
        15,
        19,
        30,
        43,
        45,
        46,
        47
      ],
      "conditions": {
        "BF16": {
          "mean_ppl": 5.733695691641656,
          "std_ppl": 2.793583374590107,
          "n_segments": 100,
          "total_tokens": 25500
        },
        "INT8": {
          "mean_ppl": 5.725944322050084,
          "std_ppl": 2.7738627469218655,
          "n_segments": 100,
          "total_tokens": 25500
        },
        "INT4": {
          "mean_ppl": 5.870292088492127,
          "std_ppl": 2.7834484822527874,
          "n_segments": 100,
          "total_tokens": 25500
        },
        "Mixed-INT4": {
          "mean_ppl": 5.830068563090751,
          "std_ppl": 2.796546212096899,
          "n_segments": 100,
          "total_tokens": 25500
        }
      }
    }
  }
}